<metadata xml:lang="en"><Esri><CreaDate>20250906</CreaDate><CreaTime>10291400</CreaTime><SyncOnce>FALSE</SyncOnce><SyncDate>20250914</SyncDate><SyncTime>12273800</SyncTime><ModDate>20250914</ModDate><ModTime>12273800</ModTime><ArcGISFormat>1.0</ArcGISFormat><DataProperties><itemProps><itemLocation><linkage Sync="TRUE">file://\\MICHAEL-PC\D$\OneDrive - University of Georgia\multiscale-tda-geomorphology\data\raw\boundaries\study_provinces.shp</linkage><protocol Sync="TRUE">Local Area Network</protocol></itemLocation><itemName Sync="TRUE">study_provinces</itemName><imsContentType Sync="TRUE">002</imsContentType><itemSize Sync="TRUE">0.000</itemSize></itemProps><lineage><Process ToolSource="c:\program files\arcgis\pro\Resources\ArcToolbox\toolboxes\Data Management Tools.tbx\Project" Date="20250906" Time="102914">Project physio "D:\Obsidian Vault\01_projects\topological_fingerprinting\Topological Fingerprinting.gdb\physio_Project" PROJCS["NAD_1983_2011_UTM_Zone_16N",GEOGCS["GCS_NAD_1983_2011",DATUM["D_NAD_1983_2011",SPHEROID["GRS_1980",6378137.0,298.257222101]],PRIMEM["Greenwich",0.0],UNIT["Degree",0.0174532925199433]],PROJECTION["Transverse_Mercator"],PARAMETER["False_Easting",500000.0],PARAMETER["False_Northing",0.0],PARAMETER["Central_Meridian",-87.0],PARAMETER["Scale_Factor",0.9996],PARAMETER["Latitude_Of_Origin",0.0],UNIT["Meter",1.0]] 'WGS_1984_(ITRF00)_To_NAD_1983 + WGS_1984_(ITRF08)_To_NAD_1983_2011' GEOGCS["GCS_North_American_1983",DATUM["D_North_American_1983",SPHEROID["GRS_1980",6378137.0,298.257222101]],PRIMEM["Greenwich",0.0],UNIT["Degree",0.0174532925199433]] NO_PRESERVE_SHAPE # NO_VERTICAL</Process><Process ToolSource="c:\program files\arcgis\pro\Resources\ArcToolbox\toolboxes\Conversion Tools.tbx\ExportFeatures" Date="20250913" Time="162036">ExportFeatures Physiographic\physio_Project "D:\Obsidian Vault\01_projects\topological_fingerprinting\topological_fingerprinting_updated.gdb\province_coastal_plain" "PROVINCE = 'COASTAL PLAIN'" NOT_USE_ALIAS "AREA "AREA" true true false 8 Double 0 0,First,#,Physiographic\physio_Project,AREA,-1,-1;PERIMETER "PERIMETER" true true false 8 Double 0 0,First,#,Physiographic\physio_Project,PERIMETER,-1,-1;PHYSIODD_ "PHYSIODD_" true true false 4 Long 0 0,First,#,Physiographic\physio_Project,PHYSIODD_,-1,-1;PHYSIODD_I "PHYSIODD_I" true true false 4 Long 0 0,First,#,Physiographic\physio_Project,PHYSIODD_I,-1,-1;FCODE "FCODE" true true false 4 Long 0 0,First,#,Physiographic\physio_Project,FCODE,-1,-1;FENCODE "FENCODE" true true false 4 Text 0 0,First,#,Physiographic\physio_Project,FENCODE,0,3;DIVISION "DIVISION" true true false 23 Text 0 0,First,#,Physiographic\physio_Project,DIVISION,0,22;PROVINCE "PROVINCE" true true false 24 Text 0 0,First,#,Physiographic\physio_Project,PROVINCE,0,23;SECTION "SECTION" true true false 29 Text 0 0,First,#,Physiographic\physio_Project,SECTION,0,28;PROVCODE "PROVCODE" true true false 4 Long 0 0,First,#,Physiographic\physio_Project,PROVCODE,-1,-1;Shape_Length "Shape_Length" false true true 8 Double 0 0,First,#,Physiographic\physio_Project,Shape_Length,-1,-1;Shape_Area "Shape_Area" false true true 8 Double 0 0,First,#,Physiographic\physio_Project,Shape_Area,-1,-1" #</Process><Process ToolSource="c:\program files\arcgis\pro\Resources\ArcToolbox\toolboxes\Analysis Tools.tbx\PairwiseDissolve" Date="20250914" Time="122436">PairwiseDissolve "Physiographic\Study Area Provinces\province_coastal_plain" "D:\Obsidian Vault\01_projects\topological_fingerprinting\topological_fingerprinting_updated.gdb\province_coast_PairwiseDisso" PROVINCE;PROVCODE # MULTI_PART #</Process><Process ToolSource="c:\program files\arcgis\pro\Resources\ArcToolbox\toolboxes\Data Management Tools.tbx\Merge" Date="20250914" Time="122622">Merge Physiographic\province_coast_PairwiseDisso;Physiographic\province_piedm_PairwiseDisso;Physiographic\province_appal_PairwiseDisso;Physiographic\province_basin_PairwiseDisso2;Physiographic\province_valle_PairwiseDisso;Physiographic\province_blue__PairwiseDisso "D:\Obsidian Vault\01_projects\topological_fingerprinting\topological_fingerprinting_updated.gdb\province_coast_Pairwis_Merge" "PROVINCE "PROVINCE" true true false 24 Text 0 0,First,#,Physiographic\province_coast_PairwiseDisso,PROVINCE,0,23,Physiographic\province_piedm_PairwiseDisso,PROVINCE,0,23,Physiographic\province_appal_PairwiseDisso,PROVINCE,0,23,Physiographic\province_basin_PairwiseDisso2,PROVINCE,0,23,Physiographic\province_valle_PairwiseDisso,PROVINCE,0,23,Physiographic\province_blue__PairwiseDisso,PROVINCE,0,23;PROVCODE "PROVCODE" true true false 4 Long 0 0,First,#,Physiographic\province_coast_PairwiseDisso,PROVCODE,-1,-1,Physiographic\province_piedm_PairwiseDisso,PROVCODE,-1,-1,Physiographic\province_appal_PairwiseDisso,PROVCODE,-1,-1,Physiographic\province_basin_PairwiseDisso2,PROVCODE,-1,-1,Physiographic\province_valle_PairwiseDisso,PROVCODE,-1,-1,Physiographic\province_blue__PairwiseDisso,PROVCODE,-1,-1" NO_SOURCE_INFO MANUAL_EDIT</Process><Process ToolSource="c:\program files\arcgis\pro\Resources\ArcToolbox\toolboxes\Conversion Tools.tbx\ExportFeatures" Date="20250914" Time="122738">ExportFeatures Physiographic\province_coast_Pairwis_Merge "D:\OneDrive - University of Georgia\multiscale-tda-geomorphology\data\raw\boundaries\study_provinces.shp" # NOT_USE_ALIAS "PROVINCE "PROVINCE" true true false 24 Text 0 0,First,#,Physiographic\province_coast_Pairwis_Merge,PROVINCE,0,23;PROVCODE "PROVCODE" true true false 4 Long 0 0,First,#,Physiographic\province_coast_Pairwis_Merge,PROVCODE,-1,-1;Shape_Length "Shape_Length" false true true 8 Double 0 0,First,#,Physiographic\province_coast_Pairwis_Merge,Shape_Length,-1,-1;Shape_Area "Shape_Area" false true true 8 Double 0 0,First,#,Physiographic\province_coast_Pairwis_Merge,Shape_Area,-1,-1" #</Process></lineage><coordRef><type Sync="TRUE">Geographic</type><geogcsn Sync="TRUE">GCS_NAD_1983_2011</geogcsn><csUnits Sync="TRUE">Angular Unit: Degree (0.017453)</csUnits><peXml Sync="TRUE">&lt;GeographicCoordinateSystem xsi:type='typens:GeographicCoordinateSystem' xmlns:xsi='http://www.w3.org/2001/XMLSchema-instance' xmlns:xs='http://www.w3.org/2001/XMLSchema' xmlns:typens='http://www.esri.com/schemas/ArcGIS/3.5.0'&gt;&lt;WKT&gt;GEOGCS[&amp;quot;GCS_NAD_1983_2011&amp;quot;,DATUM[&amp;quot;D_NAD_1983_2011&amp;quot;,SPHEROID[&amp;quot;GRS_1980&amp;quot;,6378137.0,298.257222101]],PRIMEM[&amp;quot;Greenwich&amp;quot;,0.0],UNIT[&amp;quot;Degree&amp;quot;,0.0174532925199433],AUTHORITY[&amp;quot;EPSG&amp;quot;,6318]]&lt;/WKT&gt;&lt;XOrigin&gt;-400&lt;/XOrigin&gt;&lt;YOrigin&gt;-400&lt;/YOrigin&gt;&lt;XYScale&gt;11258999068426.238&lt;/XYScale&gt;&lt;ZOrigin&gt;-100000&lt;/ZOrigin&gt;&lt;ZScale&gt;10000&lt;/ZScale&gt;&lt;MOrigin&gt;-100000&lt;/MOrigin&gt;&lt;MScale&gt;10000&lt;/MScale&gt;&lt;XYTolerance&gt;8.983152841195215e-09&lt;/XYTolerance&gt;&lt;ZTolerance&gt;0.001&lt;/ZTolerance&gt;&lt;MTolerance&gt;0.001&lt;/MTolerance&gt;&lt;HighPrecision&gt;true&lt;/HighPrecision&gt;&lt;LeftLongitude&gt;-180&lt;/LeftLongitude&gt;&lt;WKID&gt;104145&lt;/WKID&gt;&lt;LatestWKID&gt;6318&lt;/LatestWKID&gt;&lt;/GeographicCoordinateSystem&gt;</peXml></coordRef></DataProperties></Esri><idinfo><native Sync="TRUE">Microsoft Windows XP Version 5.1 (Build 2600) Service Pack 2; ESRI ArcCatalog 9.1.0.722</native><descript><langdata Sync="TRUE">en</langdata><abstract>REQUIRED: A brief narrative summary of the data set.</abstract><purpose>REQUIRED: A summary of the intentions with which the data set was developed.</purpose></descript><citation><citeinfo><origin>REQUIRED: The name of an organization or individual that developed the data set.</origin><pubdate>REQUIRED: The date when the data set is published or otherwise made available for release.</pubdate><title Sync="TRUE">physio</title><ftname Sync="TRUE">physio</ftname><geoform Sync="TRUE">vector digital data</geoform><onlink Sync="TRUE">\\IGSAAAHMWSW238\E\gis\physio\physio.shp</onlink></citeinfo></citation><timeperd><current>REQUIRED: The basis on which the time period of content information is determined.</current><timeinfo><sngdate><caldate>REQUIRED: The year (and optionally month, or month and day) for which the data set corresponds to the ground.</caldate></sngdate></timeinfo></timeperd><status><progress>REQUIRED: The state of the data set.</progress><update>REQUIRED: The frequency with which changes and additions are made to the data set after the initial data set is completed.</update></status><spdom><bounding><westbc Sync="TRUE">-124.733887</westbc><eastbc Sync="TRUE">-66.957222</eastbc><northbc Sync="TRUE">49.371735</northbc><southbc Sync="TRUE">24.547237</southbc></bounding><lboundng><leftbc Sync="TRUE">-124.733887</leftbc><rightbc Sync="TRUE">-66.957222</rightbc><bottombc Sync="TRUE">24.547237</bottombc><topbc Sync="TRUE">49.371735</topbc></lboundng></spdom><keywords><theme><themekt>REQUIRED: Reference to a formally registered thesaurus or a similar authoritative source of theme keywords.</themekt><themekey>REQUIRED: Common-use word or phrase used to describe the subject of the data set.</themekey></theme></keywords><accconst>REQUIRED: Restrictions and legal prerequisites for accessing the data set.</accconst><useconst>REQUIRED: Restrictions and legal prerequisites for using the data set after access is granted.</useconst><natvform Sync="TRUE">Shapefile</natvform></idinfo><dataIdInfo><envirDesc Sync="TRUE">Microsoft Windows 10 Version 10.0 (Build 26100) ; Esri ArcGIS 13.5.3.57366</envirDesc><dataLang><languageCode Sync="TRUE" value="eng"></languageCode><countryCode value="USA" Sync="TRUE"></countryCode></dataLang><idCitation><resTitle Sync="TRUE">study_provinces</resTitle><presForm><PresFormCd Sync="TRUE" value="005"></PresFormCd></presForm></idCitation><spatRpType><SpatRepTypCd Sync="TRUE" value="001"></SpatRepTypCd></spatRpType><dataExt><geoEle><GeoBndBox esriExtentType="native"><westBL Sync="TRUE">-124.733887</westBL><eastBL Sync="TRUE">-66.957222</eastBL><northBL Sync="TRUE">49.371735</northBL><southBL Sync="TRUE">24.547237</southBL><exTypeCode Sync="TRUE">1</exTypeCode></GeoBndBox></geoEle></dataExt><geoBox esriExtentType="decdegrees"><westBL Sync="TRUE">-124.733887</westBL><eastBL Sync="TRUE">-66.957222</eastBL><northBL Sync="TRUE">49.371735</northBL><southBL Sync="TRUE">24.547237</southBL><exTypeCode Sync="TRUE">1</exTypeCode></geoBox></dataIdInfo><metainfo><langmeta Sync="TRUE">en</langmeta><metstdn Sync="TRUE">FGDC Content Standards for Digital Geospatial Metadata</metstdn><metstdv Sync="TRUE">FGDC-STD-001-1998</metstdv><mettc Sync="TRUE">local time</mettc><metc><cntinfo><cntorgp><cntper>REQUIRED: The person responsible for the metadata information.</cntper><cntorg>REQUIRED: The organization responsible for the metadata information.</cntorg></cntorgp><cntaddr><addrtype>REQUIRED: The mailing and/or physical address for the organization or individual.</addrtype><city>REQUIRED: The city of the address.</city><state>REQUIRED: The state or province of the address.</state><postal>REQUIRED: The ZIP or other postal code of the address.</postal></cntaddr><cntvoice>REQUIRED: The telephone number by which individuals can speak to the organization or individual.</cntvoice></cntinfo></metc><metd Sync="TRUE">20090807</metd></metainfo><mdLang><languageCode Sync="TRUE" value="eng"></languageCode><countryCode value="USA" Sync="TRUE"></countryCode></mdLang><mdStanName Sync="TRUE">ISO 19115 Geographic Information - Metadata</mdStanName><mdStanVer Sync="TRUE">DIS_ESRI1.0</mdStanVer><mdChar><CharSetCd Sync="TRUE" value="004"></CharSetCd></mdChar><mdHrLv><ScopeCd Sync="TRUE" value="005"></ScopeCd></mdHrLv><mdHrLvName Sync="TRUE">dataset</mdHrLvName><distinfo><resdesc Sync="TRUE">Downloadable Data</resdesc><stdorder><digform><digtinfo><transize Sync="TRUE">0.524</transize><dssize Sync="TRUE">0.524</dssize></digtinfo></digform></stdorder></distinfo><distInfo><distributor><distorTran><onLineSrc><orDesc Sync="TRUE">002</orDesc><linkage Sync="TRUE">file://\\IGSAAAHMWSW238\E\gis\physio\physio.shp</linkage><protocol Sync="TRUE">Local Area Network</protocol></onLineSrc><transSize Sync="TRUE">0.524</transSize></distorTran><distorFormat><formatName Sync="TRUE">Shapefile</formatName></distorFormat></distributor><distFormat><formatName Sync="TRUE">Shapefile</formatName></distFormat><distTranOps><transSize Sync="TRUE">0.000</transSize></distTranOps></distInfo><spdoinfo><direct Sync="TRUE">Vector</direct><ptvctinf><esriterm Name="study_provinces"><efeatyp Sync="TRUE">Simple</efeatyp><efeageom code="4" Sync="TRUE"></efeageom><esritopo Sync="TRUE">FALSE</esritopo><efeacnt Sync="TRUE">0</efeacnt><spindex Sync="TRUE">FALSE</spindex><linrefer Sync="TRUE">FALSE</linrefer></esriterm></ptvctinf></spdoinfo><spref><horizsys><cordsysn><geogcsn Sync="TRUE">GCS_North_American_1983</geogcsn></cordsysn><geograph><geogunit Sync="TRUE">Decimal degrees</geogunit><latres Sync="TRUE">0.000001</latres><longres Sync="TRUE">0.000001</longres></geograph><geodetic><horizdn Sync="TRUE">North American Datum of 1983</horizdn><ellips Sync="TRUE">Geodetic Reference System 80</ellips><semiaxis Sync="TRUE">6378137.000000</semiaxis><denflat Sync="TRUE">298.257222</denflat></geodetic></horizsys></spref><refSysInfo><RefSystem><refSysID><identCode Sync="TRUE" code="6318">GCS_North_American_1983</identCode><idCodeSpace Sync="TRUE">EPSG</idCodeSpace><idVersion Sync="TRUE">8.2.2(10.2.1)</idVersion></refSysID></RefSystem></refSysInfo><spatRepInfo><VectSpatRep><geometObjs Name="study_provinces"><geoObjTyp><GeoObjTypCd value="002" Sync="TRUE"></GeoObjTypCd></geoObjTyp><geoObjCnt Sync="TRUE">0</geoObjCnt></geometObjs><topLvl><TopoLevCd value="001" Sync="TRUE"></TopoLevCd></topLvl></VectSpatRep></spatRepInfo><eainfo><detailed Name="study_provinces"><enttyp><enttypl Sync="TRUE">study_provinces</enttypl><enttypt Sync="TRUE">Feature Class</enttypt><enttypc Sync="TRUE">0</enttypc></enttyp><attr><attrlabl Sync="TRUE">FID</attrlabl><attalias Sync="TRUE">FID</attalias><attrtype Sync="TRUE">OID</attrtype><attwidth Sync="TRUE">4</attwidth><atprecis Sync="TRUE">0</atprecis><attscale Sync="TRUE">0</attscale><attrdef Sync="TRUE">Internal feature number.</attrdef><attrdefs Sync="TRUE">Esri</attrdefs><attrdomv><udom Sync="TRUE">Sequential unique whole numbers that are automatically generated.</udom></attrdomv></attr><attr><attrlabl Sync="TRUE">Shape</attrlabl><attalias Sync="TRUE">Shape</attalias><attrtype Sync="TRUE">Geometry</attrtype><attwidth Sync="TRUE">0</attwidth><atprecis Sync="TRUE">0</atprecis><attscale Sync="TRUE">0</attscale><attrdef Sync="TRUE">Feature geometry.</attrdef><attrdefs Sync="TRUE">ESRI</attrdefs><attrdomv><udom Sync="TRUE">Coordinates defining the features.</udom></attrdomv></attr><attr><attrlabl Sync="TRUE">PROVINCE</attrlabl><attalias Sync="TRUE">PROVINCE</attalias><attrtype Sync="TRUE">String</attrtype><attwidth Sync="TRUE">24</attwidth><atprecis Sync="TRUE">0</atprecis><attscale Sync="TRUE">0</attscale></attr><attr><attrlabl Sync="TRUE">PROVCODE</attrlabl><attalias Sync="TRUE">PROVCODE</attalias><attrtype Sync="TRUE">Integer</attrtype><attwidth Sync="TRUE">10</attwidth><atprecis Sync="TRUE">10</atprecis><attscale Sync="TRUE">0</attscale></attr><attr><attrlabl Sync="TRUE">Shape_Leng</attrlabl><attalias Sync="TRUE">Shape_Leng</attalias><attrtype Sync="TRUE">Double</attrtype><attwidth Sync="TRUE">19</attwidth><atprecis Sync="TRUE">0</atprecis><attscale Sync="TRUE">0</attscale></attr><attr><attrlabl Sync="TRUE">Shape_Area</attrlabl><attalias Sync="TRUE">Shape_Area</attalias><attrtype Sync="TRUE">Double</attrtype><attwidth Sync="TRUE">19</attwidth><atprecis Sync="TRUE">0</atprecis><attscale Sync="TRUE">0</attscale><attrdef Sync="TRUE">Area of feature in internal units squared.</attrdef><attrdefs Sync="TRUE">Esri</attrdefs><attrdomv><udom Sync="TRUE">Positive real numbers that are automatically generated.</udom></attrdomv></attr></detailed></eainfo><mdDateSt Sync="TRUE">20250914</mdDateSt></metadata>
