<?xml version="1.0" encoding="UTF-8"?><metadata>
    <idinfo>
        <citation>
            <citeinfo>
                <pubdate>20100101</pubdate>
                <title>Georgia State Boundary</title>
                <geoform>vector digital data</geoform>
            </citeinfo>
        </citation>
        <descript>
            <abstract>The TIGER/Line shapefiles and related database files (.dbf) are an extract of selected geographic and cartographic information from the U.S. Census Bureau's Master Address File / Topologically Integrated Geographic Encoding and Referencing (MAF/TIGER) Database (MTDB). The MTDB represents a seamless national file with no overlaps or gaps between parts, however, each TIGER/Line shapefile is designed to stand alone as an independent data set, or they can be combined to cover the entire nation. States and equivalent entities are the primary governmental divisions of the United States. In addition to the fifty States, the Census Bureau treats the District of Columbia, Puerto Rico, and each of the Island Areas (American Samoa, the Commonwealth of the Northern Mariana Islands, Guam, and the U.S. Virgin Islands) as the statistical equivalents of States for the purpose of data presentation.Data and schema are from the Atlanta Regional Commission open data portal.https://arc-garc.opendata.arcgis.com/datasets/georgia-state-boundary</abstract>
            <purpose>In order for others to use the information in the Census MAF/TIGER database in a geographic information system (GIS) or for other geographic applications, the Census Bureau releases to the public extracts of the database in the form of TIGER/Line Shapefiles.</purpose>
        </descript>
        <status>
            <progress>Complete</progress>
        </status>
        <spdom>
            <bounding>
                <westbc>-85.605376</westbc>
                <eastbc>-80.634645</eastbc>
                <northbc>35.005270</northbc>
                <southbc>30.329431</southbc>
            </bounding>
        </spdom>
        <keywords>
            <theme>
                <themekt>ISO 19115 Topic Categories</themekt>
                <themekey>boundaries</themekey>
            </theme>
            <theme>
                <themekt>None</themekt>
                <themekey>Nation</themekey>
                <themekey>Polygon</themekey>
                <themekey>Boundaries</themekey>
                <themekey>Forsyth County</themekey>
                <themekey>Forsyth County GIS</themekey>
                <themekey>Forsyth County GA</themekey>
                <themekey>FCGA</themekey>
            </theme>
        </keywords>
        <accconst>None</accconst>
        <useconst>The TIGER/Line Shapefile products are not copyrighted however TIGER/Line and Census TIGER are registered trademarks of the U.S. Census Bureau. These products are free to use in a product or publication, however acknowledgement must be given to the U.S. Census Bureau as the source. The boundary information in the TIGER/Line Shapefiles are for statistical data collection and tabulation purposes only; their depiction and designation for statistical purposes does not constitute a determination of jurisdictional authority or rights of ownership or entitlement and they are not legal land descriptions. Coordinates in the TIGER/Line shapefiles have six implied decimal places, but the positional accuracy of these coordinates is not as great as the six decimal places suggest.</useconst>
        <datacred>U.S. Census Bureau, Atlanta Regional Commission</datacred>
        <native>Esri ArcGIS 12.8.0.29751</native>
    </idinfo>
    <spdoinfo>
        <direct>Vector</direct>
        <ptvctinf>
            <sdtsterm>
                <sdtstype>GT-polygon composed of chains</sdtstype>
                <ptvctcnt>0</ptvctcnt>
            </sdtsterm>
        </ptvctinf>
    </spdoinfo>
    <eainfo>
        <detailed>
            <enttyp>
                <enttypl>StateBoundary</enttypl>
            </enttyp>
            <attr>
                <attrlabl>OBJECTID</attrlabl>
                <attrdef>Internal feature number.</attrdef>
                <attrdefs>ESRI</attrdefs>
                <attrdomv>
                                        
                    <udom>Sequential unique whole numbers that are automatically generated.</udom>
                                    
                </attrdomv>
            </attr>
            <attr>
                <attrlabl>SHAPE</attrlabl>
                <attrdef>Feature geometry.</attrdef>
                <attrdefs>ESRI</attrdefs>
                <attrdomv>
                                        
                    <udom>Coordinates defining the features.</udom>
                                    
                </attrdomv>
            </attr>
            <attr>
                <attrlabl>LASTEDITOR</attrlabl>
                <attrdef>The user who performed the last update</attrdef>
            </attr>
            <attr>
                <attrlabl>LASTUPDATE</attrlabl>
                <attrdef>The date the feature was last updated in the maintenance database</attrdef>
            </attr>
            <attr>
                <attrlabl>STATEAREA</attrlabl>
                <attrdef>The area of the state in square miles</attrdef>
            </attr>
            <attr>
                <attrlabl>NAME</attrlabl>
                <attrdef>The name of the state</attrdef>
            </attr>
            <attr>
                <attrlabl>STFIPS</attrlabl>
                <attrdef>The state FIPS code</attrdef>
            </attr>
            <attr>
                <attrlabl>GlobalID</attrlabl>
            </attr>
            <attr>
                <attrlabl>Shape.STArea()</attrlabl>
            </attr>
            <attr>
                <attrlabl>Shape.STLength()</attrlabl>
            </attr>
        </detailed>
    </eainfo>
    <metainfo>
        <metd>20210928</metd>
        <metstdn>FGDC Content Standard for Digital Geospatial Metadata</metstdn>
        <metstdv>FGDC-STD-001-1998</metstdv>
        <mettc>local time</mettc>
    </metainfo>
</metadata>
